-- user
insert into user(id, username, user_nm, user_nick_nm, phone, input_dt, modify_dt) values
(1, 'cdssw@naver.com', 'Andrew', 'Blue', '010-1111-1111', now(), now())
, (2, 'loh002@naver.com', 'Monica', 'Red','010-1111-1111', now(), now())
, (3, 'michael@naver.com', 'Michael', 'Green','010-1111-1111', now(), now());

-- meet
insert into meet(title, content, recruitment, application, cost, cost_option, address1, address2, start_dt, end_dt, start_tm, end_tm, detail_day, user_id, input_dt, modify_dt) values
  ('아이 등원 요청', '아이를 등원시켜 주실분 구합니다.', 4, 0, 50000, 0, '기흥구 중동', '663-4', '2020-09-01', '2020-09-30', '10:00', '16:00', 40, 2, now(), now())
, ('아이 등원 요청', '아이를 등원시켜 주실분 구합니다.', 4, 0, 50000, 0, '기흥구 중동', '663-4', '2020-09-01', '2020-09-30', '10:00', '16:00', 40, 1, now(), now())
, ('아이 등원 요청', '아이를 등원시켜 주실분 구합니다.', 4, 0, 50000, 0, '기흥구 중동', '663-4', '2020-09-01', '2020-09-30', '10:00', '16:00', 40, 2, now(), now())
, ('아이 등원 요청', '아이를 등원시켜 주실분 구합니다.', 4, 0, 50000, 0, '기흥구 중동', '663-4', '2020-09-01', '2020-09-30', '10:00', '16:00', 40, 1, now(), now())
, ('아이 등원 요청', '아이를 등원시켜 주실분 구합니다.', 4, 0, 50000, 0, '기흥구 중동', '663-4', '2020-09-01', '2020-09-30', '10:00', '16:00', 40, 2, now(), now())
, ('아이 등원 요청', '아이를 등원시켜 주실분 구합니다.', 4, 0, 50000, 0, '기흥구 중동', '663-4', '2020-09-01', '2020-09-30', '10:00', '16:00', 40, 1, now(), now())
, ('아이 등원 요청', '아이를 등원시켜 주실분 구합니다.', 4, 0, 50000, 0, '기흥구 중동', '663-4', '2020-09-01', '2020-09-30', '10:00', '16:00', 40, 2, now(), now())
, ('아이 등원 요청', '아이를 등원시켜 주실분 구합니다.', 4, 0, 50000, 0, '기흥구 중동', '663-4', '2020-09-01', '2020-09-30', '10:00', '16:00', 40, 2, now(), now())
, ('아이 등원 요청', '아이를 등원시켜 주실분 구합니다.', 4, 0, 50000, 0, '기흥구 중동', '663-4', '2020-09-01', '2020-09-30', '10:00', '16:00', 40, 2, now(), now())
, ('아이 등원 요청', '아이를 등원시켜 주실분 구합니다.', 4, 0, 50000, 0, '기흥구 중동', '663-4', '2020-09-01', '2020-09-30', '10:00', '16:00', 40, 2, now(), now())
, ('아이 등원 요청', '아이를 등원시켜 주실분 구합니다.', 4, 0, 50000, 0, '기흥구 중동', '663-4', '2020-09-01', '2020-09-30', '10:00', '16:00', 40, 2, now(), now())
, ('아이 등원 요청', '아이를 등원시켜 주실분 구합니다.', 4, 0, 50000, 0, '기흥구 중동', '663-4', '2020-09-01', '2020-09-30', '10:00', '16:00', 40, 2, now(), now())
, ('아이 등원 요청', '아이를 등원시켜 주실분 구합니다.', 4, 0, 50000, 0, '기흥구 중동', '663-4', '2020-09-01', '2020-09-30', '10:00', '16:00', 40, 2, now(), now())
, ('아이 등원 요청', '아이를 등원시켜 주실분 구합니다.', 4, 0, 50000, 0, '기흥구 중동', '663-4', '2020-09-01', '2020-09-30', '10:00', '16:00', 40, 2, now(), now())
, ('아이 등원 요청', '아이를 등원시켜 주실분 구합니다.', 4, 0, 50000, 0, '기흥구 중동', '663-4', '2020-09-01', '2020-09-30', '10:00', '16:00', 40, 2, now(), now())
, ('아이 등원 요청', '아이를 등원시켜 주실분 구합니다.', 4, 0, 50000, 0, '기흥구 중동', '663-4', '2020-09-01', '2020-09-30', '10:00', '16:00', 40, 2, now(), now())
, ('아이 등원 요청', '아이를 등원시켜 주실분 구합니다.', 4, 0, 50000, 0, '기흥구 중동', '663-4', '2020-09-01', '2020-09-30', '10:00', '16:00', 40, 2, now(), now())
;

-- applicationMeet
insert into application_meet(meet_id, user_id, approval_yn, approval_dt, input_dt, modify_dt) values
(1, 1, false, null, now(), now())
, (1, 2, false, null, now(), now())
, (2, 1, false, null, now(), now())
, (3, 1, false, null, now(), now())
, (3, 3, false, null, now(), now());